{"player":{"position":{"x":1.6387955716849062e-13,"y":0.3423900604248047,"z":-3.8694653511047365},"speed":10.0},"bandeira":[{"position":{"x":-0.3460702896118164,"y":-0.0013298728736117483,"z":-6.594169616699219}}],"coin":[{"position":{"x":-2.420417308807373,"y":0.1899450570344925,"z":3.0919251441955568}},{"position":{"x":1.9500000476837159,"y":0.46000000834465029,"z":3.6500000953674318}},{"position":{"x":3.4315783977508547,"y":0.1899445801973343,"z":-4.367414474487305}}]}